epoch,step,train_loss_step
0,49,0.021771151572465897
0,99,0.016080636531114578
0,149,0.01948506012558937
0,199,0.015331548638641834
0,249,0.01623571664094925
0,299,0.016134444624185562
0,349,0.0160139761865139
0,399,0.015509207732975483
0,449,0.01358252763748169
0,499,0.013538753613829613
0,549,0.013325410895049572
0,599,0.013007531873881817
0,649,0.012593281455338001
0,699,0.011888084001839161
